sub_id,beta,lr,e,ps,w_MB
1,0.46236,0.37859,0.75695,0,0.91474
2,0.60484,0.72518,0.21133,0,0.13519
3,1.8728,0.49808,0.6637,0,0.77188
4,0.56089,0.34357,0.56742,0,0.26614
5,1.8485,0.69934,0.52446,0,0.31955
6,0.57868,0.7954,0.55907,0,0.84781
7,1.8141,0.67213,0.7224,0,0.12565
8,1.2876,0.76567,0.88592,0,0.70838
9,1.6392,0.5944,0.052611,0,0.49634
10,0.11083,0.70449,0.58606,0,0.28311
